id,plan,username,last_login_date,expire_date
1000,basic,gwilliams,2023-03-31,2024-02-08
1001,basic,nhoward,2023-04-08,2023-07-25
1002,basic,katelynmontgomery,2022-12-30,2024-02-16
1003,full,kyleblair,2023-09-08,2024-08-03
1004,full,thomas15,2023-03-11,2023-11-11
1005,full,tammywoods,2023-08-26,2024-03-15
1006,free,davismary,2023-06-26,
1007,full,salazarmaria,2023-01-31,2023-08-08
1008,full,jane13,2023-09-15,2024-04-22
1009,free,lindathomas,2023-04-22,
1010,basic,millerluke,2023-04-09,2024-04-23
1011,free,andrea18,2023-01-31,
1012,full,tamaramorrison,2023-05-10,2023-12-19
1013,basic,carlsonpaul,2023-05-05,2023-11-09
1014,basic,jaimelopez,2023-05-19,2023-12-06
1015,basic,daviskatherine,2023-08-30,2023-12-24
1016,free,villanuevasandra,2023-04-21,
1017,full,hmassey,2023-01-09,2024-02-18
1018,free,pattylawrence,2023-03-05,
1019,full,shannon51,2023-01-27,2024-05-16
1020,free,vmatthews,2023-08-18,
1021,free,allennelson,2023-06-24,
1022,free,laura56,2023-08-06,
1023,free,loganmelissa,2022-12-17,
1024,free,johnsoncynthia,2023-05-17,
1025,full,myersmitchell,2022-11-08,2022-12-06
1026,full,leetara,2023-06-29,2023-10-03
1027,basic,jessicabrown,2023-06-14,2023-07-01
1028,full,qoliver,2022-10-21,2023-04-10
1029,free,michael20,2023-04-07,
1030,basic,carlsonholly,2023-02-22,2023-07-26
1031,basic,rebecca79,2022-11-28,2024-05-22
1032,full,tammybrown,2023-06-13,2023-10-13
1033,free,alyssa19,2023-09-16,
1034,basic,alexandermaldonado,2023-09-08,2024-04-16
1035,full,deborah64,2022-11-22,2024-01-31
1036,full,ellischristian,2023-07-08,2023-08-12
1037,full,dennis75,2023-05-18,2023-12-27
1038,full,brittany92,2023-06-28,2024-02-24
1039,basic,fpoole,2022-09-24,2023-12-29
1040,free,ernest37,2023-02-18,
1041,full,sjohnson,2023-05-02,2024-03-21
1042,full,martincaleb,2023-06-23,2023-10-23
1043,basic,modonnell,2023-07-14,2023-07-14
1044,free,dnguyen,2022-10-13,
1045,basic,amymccarty,2022-10-26,2024-08-06
1046,full,valeriemorales,2023-06-14,2024-05-03
1047,basic,lewisjennifer,2022-09-24,2024-06-24
1048,full,leecharlene,2022-12-10,2023-08-01
1049,basic,craignash,2023-02-25,2024-06-26
1050,free,hillshawn,2023-07-28,
1051,free,dennis85,2022-11-07,
1052,free,melissa00,2022-12-12,
1053,full,angela59,2023-09-12,2024-08-06
1054,free,djoseph,2023-05-30,
1055,basic,monica23,2023-02-16,2024-05-17
1056,basic,taylorjoseph,2023-02-02,2023-11-14
1057,full,morganchristine,2022-10-10,2023-05-07
1058,free,tinaroberts,2023-02-24,
1059,full,kellywoods,2022-12-26,2023-02-01
1060,basic,melodychandler,2023-01-19,2023-11-28
1061,basic,robert18,2023-09-11,2024-03-15
1062,basic,mary51,2023-03-29,2023-06-27
1063,full,tsimmons,2023-02-01,2024-08-24
1064,full,samanthasims,2023-02-16,2024-06-26
1065,free,mortonjames,2022-12-18,
1066,free,zsmith,2023-04-28,
1067,full,shane79,2023-06-28,2023-12-13
1068,basic,richardsonvanessa,2023-01-03,2024-04-01
1069,free,hlee,2022-10-18,
1070,full,leachshannon,2023-06-13,2023-11-16
1071,free,nsanders,2023-05-30,
1072,free,cindygarcia,2023-03-21,
1073,basic,amy21,2023-05-13,2024-05-25
1074,free,blittle,2023-08-30,
1075,full,ushelton,2023-08-13,2024-09-03
1076,basic,amyvelazquez,2022-09-27,2023-06-18
1077,full,lisa08,2022-11-20,2023-06-07
1078,full,meganaguilar,2023-06-29,2024-06-28
1079,free,blackruth,2022-10-19,
1080,free,billysmith,2023-08-17,
1081,basic,michelle27,2023-02-15,2024-03-13
1082,basic,berryerika,2023-08-02,2024-09-07
1083,full,burgessrebecca,2022-12-13,2023-07-25
1084,full,epetersen,2023-08-18,2024-06-14
1085,full,melissayates,2023-06-06,2023-06-06
1086,full,kevinhudson,2023-01-31,2023-03-22
1087,basic,sherri46,2023-02-20,2023-12-15
1088,free,danielleanderson,2023-01-13,
1089,full,brian07,2023-03-05,2023-06-22
1090,basic,nunezedward,2023-02-08,2023-12-24
1091,free,dhughes,2022-11-02,
1092,basic,andrewgeorge,2022-11-14,2024-03-17
1093,basic,gravesdeborah,2022-12-08,2023-10-01
1094,basic,ibarrachelsea,2023-03-24,2024-07-13
1095,full,debra94,2023-07-27,2023-11-02
1096,basic,sabrina18,2023-08-24,2024-01-17
1097,free,wwallace,2022-12-06,
1098,basic,kristine10,2023-09-09,2024-09-05
1099,free,bscott,2023-04-13,
1100,full,jerryfrank,2023-09-02,2024-08-12
1101,full,hhunter,2022-11-19,2023-10-15
1102,full,glivingston,2023-03-04,2023-04-21
1103,free,uayala,2022-10-05,
1104,basic,bparks,2023-04-04,2023-12-12
1105,full,christian11,2023-02-10,2024-07-31
1106,free,michael03,2023-08-08,
1107,basic,carlsondouglas,2022-09-25,2023-03-03
1108,full,adkinskelly,2023-06-18,2023-07-07
1109,full,michelelopez,2022-11-06,2023-11-11
1110,basic,david35,2023-02-01,2024-02-03
1111,basic,sharon85,2022-12-04,2024-03-08
1112,free,fergusonkyle,2023-02-17,
1113,free,lindastewart,2022-12-27,
1114,free,kellybarnes,2022-10-11,
1115,free,longjacqueline,2022-11-14,
1116,basic,andrea29,2023-03-06,2023-10-23
1117,full,christopher75,2023-05-29,2024-07-13
1118,free,aortiz,2023-07-03,
1119,basic,sharris,2023-03-25,2023-06-03
1120,free,hillangela,2023-06-18,
1121,free,lhebert,2023-07-19,
1122,basic,dthompson,2023-02-03,2024-03-15
1123,free,steven17,2023-07-14,
1124,free,aaron79,2023-03-22,
1125,free,kennethmack,2023-05-26,
1126,basic,rogerpotter,2022-10-29,2024-04-07
1127,basic,amysullivan,2023-05-27,2023-06-12
1128,free,nicole00,2023-01-01,
1129,basic,vwallace,2022-12-31,2023-10-01
1130,basic,caitlinjohnson,2023-07-28,2024-02-16
1131,basic,david32,2022-10-20,2023-09-07
1132,basic,april98,2023-05-25,2023-11-04
1133,full,jenkinscynthia,2023-02-27,2023-10-01
1134,basic,owatson,2022-11-16,2023-03-17
1135,free,jamesbrittany,2022-11-17,
1136,full,michael76,2022-12-17,2023-12-22
1137,basic,trevor07,2023-01-18,2023-05-08
1138,full,nwilliams,2022-12-16,2023-01-04
1139,basic,amyers,2023-08-18,2023-10-08
1140,full,parksjudy,2023-06-10,2024-04-11
1141,free,blake90,2023-01-06,
1142,full,jessica32,2023-07-12,2024-02-20
1143,free,hamiltonjennifer,2023-02-20,
1144,free,robert62,2023-03-16,
1145,full,alexandriaanderson,2023-09-12,2023-11-23
1146,basic,kristina66,2023-08-03,2024-08-19
1147,basic,lauragonzales,2022-12-12,2024-03-11
1148,full,bullockarthur,2023-05-27,2023-07-31
1149,free,brian23,2023-05-19,
1150,basic,bushwilliam,2023-01-12,2024-09-02
1151,basic,oellis,2023-06-21,2024-07-25
1152,full,fcarpenter,2022-12-31,2024-06-29
1153,basic,matthewwilliams,2022-10-14,2023-02-17
1154,basic,robertsadrian,2022-10-18,2024-06-20
1155,basic,tarasanders,2023-09-16,2023-12-10
1156,basic,matthewgarcia,2023-09-01,2023-11-06
1157,basic,amanda54,2022-10-05,2023-11-14
1158,free,miguelclark,2023-04-15,
1159,basic,maryking,2023-07-04,2024-02-23
1160,basic,wscott,2023-08-28,2024-03-01
1161,free,sarah10,2023-03-22,
1162,basic,zwilliams,2023-03-03,2024-03-20
1163,basic,fwilson,2022-12-26,2023-03-12
1164,free,nhenson,2023-03-14,
1165,full,meyersangelica,2023-09-03,2024-07-21
1166,basic,haleyjohn,2022-12-18,2023-03-27
1167,basic,luis61,2023-04-28,2023-12-05
1168,full,jenniferwaters,2023-04-11,2024-07-23
1169,basic,joseph01,2023-05-20,2023-08-04
1170,free,swright,2023-08-31,
1171,full,harmonzachary,2023-08-23,2023-09-30
1172,free,hbrewer,2023-07-07,
1173,full,jerome84,2022-12-19,2024-07-15
1174,free,holmesemily,2022-12-23,
1175,basic,kmitchell,2022-11-16,2024-08-05
1176,free,michael02,2023-08-30,
1177,basic,theresadixon,2022-10-23,2023-02-05
1178,free,shudson,2022-12-15,
1179,free,lisawolf,2023-02-08,
1180,full,cristinalester,2022-11-04,2024-02-25
1181,free,tracy40,2022-12-18,
1182,full,donnasimpson,2023-07-07,2024-07-14
1183,full,janet14,2022-11-16,2024-02-28
1184,basic,lorrainefloyd,2023-02-20,2023-04-06
1185,free,edwardsjulie,2022-12-29,
1186,basic,qbarnett,2023-06-06,2023-11-28
1187,basic,emily40,2023-02-09,2024-04-29
1188,full,oconnoredward,2022-10-02,2023-10-18
1189,full,johnsonbrady,2022-12-20,2024-05-10
1190,basic,nicholsonmichael,2023-06-08,2024-05-01
1191,free,shanethomas,2023-01-23,
1192,free,jessica66,2022-09-27,
1193,basic,amanda70,2023-05-01,2023-08-04
1194,basic,gjackson,2022-11-16,2024-03-13
1195,full,christopheryoung,2023-08-11,2023-12-25
1196,free,fryepaula,2023-07-09,
1197,full,jennifersimmons,2023-08-25,2023-11-13
1198,full,nmckinney,2023-05-15,2023-06-15
1199,basic,linda60,2023-05-25,2023-06-22
1200,basic,howardemily,2023-03-20,2023-09-19
1201,full,francis65,2023-01-06,2024-09-20
1202,basic,hsmith,2023-09-08,2023-12-28
1203,full,xmadden,2023-04-18,2024-07-04
1204,full,sarah07,2023-02-24,2024-09-06
1205,free,dreed,2022-10-02,
1206,basic,kingerin,2023-06-23,2024-02-03
1207,full,kathrynblack,2023-02-20,2023-09-02
1208,free,knightmark,2023-09-18,
1209,free,francisco25,2023-08-18,
1210,full,richardsbrett,2022-11-23,2023-08-17
1211,basic,connie57,2023-07-25,2024-06-02
1212,full,aarcher,2023-07-27,2023-11-13
1213,full,ramosmatthew,2022-09-27,2024-04-09
1214,basic,julie31,2023-04-25,2024-03-19
1215,basic,alyssabrown,2023-05-30,2023-09-29
1216,full,davidcrystal,2023-04-23,2024-08-04
1217,basic,sbaker,2022-09-29,2023-08-27
1218,full,sophia88,2023-04-27,2023-12-29
1219,basic,janicereynolds,2022-11-18,2024-09-04
1220,free,kristenmiles,2023-07-24,
1221,full,cward,2023-04-30,2024-03-14
1222,full,rachelcox,2023-09-24,2023-11-24
1223,full,crystalburton,2023-04-05,2023-04-19
1224,full,ashleyallen,2022-12-04,2024-07-14
1225,basic,berryjoel,2023-06-28,2024-06-11
1226,full,rubiofrank,2023-09-17,2023-10-12
1227,basic,qshepard,2023-03-12,2023-12-13
1228,full,christopher07,2022-09-28,2024-05-12
1229,basic,kathrynhughes,2023-07-22,2024-05-19
1230,full,aguilarmichael,2023-05-02,2023-08-08
1231,full,mark06,2023-03-26,2024-05-04
1232,free,millermichelle,2023-02-11,
1233,free,leedaniel,2023-04-21,
1234,basic,edwardsmaureen,2022-10-03,2023-06-04
1235,basic,traceyhubbard,2023-01-08,2023-11-19
1236,full,caitlinpowell,2023-01-20,2024-02-21
1237,free,davidanderson,2023-03-29,
1238,full,blairapril,2023-08-09,2024-06-04
1239,free,lauren11,2023-04-29,
1240,free,james45,2023-06-23,
1241,full,kimberly87,2023-09-12,2023-11-11
1242,basic,benjaminrichards,2023-05-31,2024-07-01
1243,free,lisa13,2023-06-02,
1244,basic,lisaboyd,2023-06-26,2024-03-11
1245,full,thomaspeters,2023-04-23,2023-06-26
1246,full,aaron11,2023-03-09,2024-06-22
1247,basic,yrogers,2023-04-10,2024-01-16
1248,full,taylorsara,2022-12-03,2024-06-24
1249,free,morgancathy,2022-10-11,
1250,basic,halelaura,2023-09-13,2023-10-03
1251,full,michaelconley,2022-10-24,2023-09-06
1252,free,nkelly,2023-07-14,
1253,basic,anna76,2022-12-03,2022-12-26
1254,basic,james61,2023-02-09,2023-04-24
1255,free,bellgregory,2023-05-21,
1256,full,morriskrystal,2023-07-10,2024-07-29
1257,basic,hodgeamanda,2023-02-27,2023-09-18
1258,free,copelandchristopher,2023-02-10,
1259,free,jdonaldson,2023-09-12,
1260,full,susan06,2023-02-02,2023-06-03
1261,full,ethanmaxwell,2022-11-24,2024-04-04
1262,full,sherryvilla,2023-01-29,2023-02-16
1263,basic,pwilliams,2023-05-28,2024-01-01
1264,basic,tammybell,2022-11-26,2023-10-18
1265,basic,nancy26,2023-05-01,2023-05-11
1266,free,mcdanieljennifer,2022-11-29,
1267,free,johnsonmarcus,2022-09-25,
1268,free,watersdaniel,2023-05-19,
1269,free,emilyjames,2022-10-04,
1270,basic,rbradley,2023-01-31,2024-08-05
1271,free,michaelrobinson,2023-02-26,
1272,free,rickyhopkins,2022-10-31,
1273,basic,ysanchez,2022-12-20,2023-10-22
1274,free,lsanders,2022-10-20,
1275,basic,nicole58,2022-10-02,2024-01-14
1276,full,rmcdowell,2022-10-09,2024-01-26
1277,basic,gmaynard,2023-04-19,2023-05-26
1278,free,ajohnson,2023-07-04,
1279,basic,tmiddleton,2023-03-21,2024-07-02
1280,basic,genewells,2022-11-24,2024-02-25
1281,basic,mahoneymichael,2023-05-26,2024-02-27
1282,basic,gonzalezsusan,2022-12-01,2024-06-14
1283,full,kenneth04,2023-04-26,2024-03-25
1284,free,uadams,2022-12-13,
1285,basic,davidaustin,2022-11-27,2022-12-21
1286,basic,pford,2023-06-27,2023-08-26
1287,basic,garyclark,2022-12-21,2023-01-13
1288,full,lorikelly,2023-09-01,2024-04-11
1289,full,gabrielle64,2023-09-08,2023-11-08
1290,basic,amanda26,2023-07-08,2024-09-11
1291,basic,nicoleriddle,2023-02-05,2023-12-05
1292,basic,tami61,2023-06-16,2023-10-13
1293,free,silvacynthia,2023-09-22,
1294,full,terrydeborah,2022-12-12,2024-03-18
1295,full,adamsjessica,2022-11-28,2023-09-15
1296,free,smithpatricia,2023-08-07,
1297,full,rflores,2023-03-18,2023-12-29
1298,full,elizabeth32,2023-04-30,2024-07-01
1299,free,anthonyday,2022-11-27,
1300,full,nfranklin,2023-03-13,2024-09-13
1301,full,lbaker,2022-11-15,2023-09-12
1302,free,ycunningham,2023-09-19,
1303,free,gcook,2023-08-29,
1304,basic,castillocristian,2023-08-13,2024-09-10
1305,basic,lkennedy,2022-12-22,2024-02-15
1306,basic,kevinlynch,2023-09-15,2023-11-09
1307,basic,riverstimothy,2023-05-01,2024-03-14
1308,full,bakerjerry,2022-11-06,2023-06-24
1309,free,lisa20,2023-08-09,
1310,full,brendagonzalez,2022-10-06,2024-08-05
1311,basic,gklein,2023-09-20,2024-03-21
1312,full,nancy51,2023-06-17,2023-06-20
1313,free,tylerjoyce,2023-01-08,
1314,free,simpsonstacey,2023-04-09,
1315,basic,jonesashley,2022-12-20,2024-07-15
1316,basic,jvalencia,2022-12-22,2023-08-02
1317,free,ykeller,2023-02-10,
1318,basic,xsalazar,2022-11-09,2023-09-16
1319,basic,tperez,2023-02-16,2024-06-21
1320,basic,zramirez,2023-07-18,2024-02-22
1321,free,hberger,2023-03-16,
1322,free,sarah25,2023-04-05,
1323,free,beckertheresa,2023-03-23,
1324,full,kwhitney,2023-08-11,2024-01-29
1325,full,fshaw,2022-12-23,2023-08-24
1326,full,davislogan,2023-09-05,2024-09-07
1327,free,kjoyce,2023-07-20,
1328,free,mdavis,2023-07-02,
1329,basic,danielrobles,2023-02-12,2023-03-05
1330,free,smithamanda,2022-11-13,
1331,free,christopherowens,2023-08-19,
1332,free,ljones,2023-09-18,
1333,free,sarahreyes,2023-08-03,
1334,free,wclark,2022-10-09,
1335,full,anthony55,2023-08-11,2024-04-29
1336,full,mdavidson,2023-04-12,2023-06-22
1337,basic,espinozajoshua,2023-06-19,2023-10-07
1338,full,nicholasberry,2023-06-07,2024-02-10
1339,free,hromero,2023-04-29,
1340,free,cmartinez,2023-03-25,
1341,free,ikelley,2023-03-04,
1342,basic,gmiller,2023-02-01,2023-08-01
1343,basic,michaelrowe,2023-03-02,2023-03-20
1344,basic,transusan,2023-07-22,2024-07-02
1345,free,eallen,2023-03-27,
1346,free,scottward,2023-03-31,
1347,full,tanyaboyd,2022-10-28,2023-03-22
1348,basic,shaheric,2022-10-08,2023-06-24
1349,full,katiemcdonald,2023-06-14,2023-11-06
1350,basic,zlee,2022-10-12,2024-06-14
1351,basic,jenniferwhite,2023-09-17,2024-04-14
1352,full,shernandez,2023-05-21,2024-06-07
1353,full,carlyjohnson,2023-04-01,2024-07-13
1354,basic,aaronbrown,2022-12-27,2023-12-06
1355,full,donnarodriguez,2023-07-15,2024-08-18
1356,basic,nicole57,2023-06-17,2023-11-13
1357,free,angela57,2023-02-22,
1358,basic,meghan71,2022-11-19,2023-05-08
1359,free,stephanielong,2023-03-23,
1360,full,patriciapadilla,2022-10-02,2023-08-13
1361,free,nashbrenda,2023-08-29,
1362,basic,cynthiayu,2023-06-10,2023-09-23
1363,full,iparker,2023-04-20,2023-06-10
1364,free,ngoodwin,2023-03-05,
1365,full,larry03,2023-05-20,2023-06-10
1366,full,eric41,2023-05-12,2024-04-23
1367,basic,patrickreese,2023-09-19,2024-01-28
1368,free,selena02,2023-01-24,
1369,full,hbrown,2023-03-29,2024-02-29
1370,basic,bdaniel,2022-11-08,2023-10-11
1371,full,kathleenmcclure,2022-11-09,2024-05-09
1372,basic,anthonynelson,2023-02-20,2023-05-20
1373,basic,nathaniel38,2023-04-22,2023-06-07
1374,basic,martintyler,2022-10-02,2024-02-08
1375,basic,devin19,2023-04-29,2024-03-18
1376,free,ashley81,2023-08-24,
1377,full,toddmeyer,2023-07-24,2024-01-13
1378,basic,grantjasmine,2022-12-01,2024-05-22
1379,full,raymondlynch,2023-07-10,2024-06-14
1380,basic,josephkaufman,2023-02-06,2024-04-06
1381,free,stevenedwards,2022-11-12,
1382,basic,millerlori,2023-01-21,2024-07-22
1383,basic,milleralexis,2023-08-01,2023-10-29
1384,free,tiffany88,2023-02-05,
1385,basic,perryamanda,2023-03-01,2023-06-04
1386,free,lbarajas,2023-01-17,
1387,free,snunez,2022-10-06,
1388,free,littlejoseph,2023-08-28,
1389,full,logan84,2022-10-12,2024-06-11
1390,full,melissaschwartz,2022-11-17,2023-06-06
1391,full,hartmanrobert,2023-05-08,2023-10-30
1392,basic,renee87,2023-09-04,2024-02-25
1393,full,hendersongavin,2022-10-13,2023-04-10
1394,full,preyes,2022-10-25,2023-06-21
1395,free,rebeccahorne,2022-09-29,
1396,basic,pmartinez,2023-04-06,2023-11-10
1397,basic,sreynolds,2023-09-22,2024-09-15
1398,free,jennadickerson,2023-02-09,
1399,free,edwardlindsey,2023-07-27,
1400,free,andreawright,2022-10-04,
1401,free,michellebowen,2023-09-18,
1402,full,johncastro,2023-09-01,2024-01-09
1403,full,alexandriaschroeder,2023-07-31,2023-08-16
1404,full,mtyler,2022-10-18,2023-09-03
1405,free,nwagner,2023-02-20,
1406,full,fgarcia,2023-04-18,2023-04-27
1407,free,nixontonya,2023-07-10,
1408,basic,acraig,2023-02-05,2024-07-03
1409,basic,jessica29,2022-12-27,2024-07-24
1410,free,gillbrian,2023-08-04,
1411,free,twright,2023-07-23,
1412,full,carolbeard,2023-01-14,2023-01-24
1413,full,michaelhoward,2023-08-12,2024-03-29
1414,full,dennis73,2023-05-18,2024-03-21
1415,basic,iturner,2023-03-27,2023-11-11
1416,full,michael96,2023-02-24,2024-05-18
1417,basic,emily93,2022-12-06,2023-11-06
1418,free,wyatt82,2023-08-03,
1419,full,qstark,2023-03-11,2023-10-31
1420,basic,clarkejames,2023-01-01,2023-12-23
1421,full,smithcarla,2023-08-22,2024-03-08
1422,free,sheilalopez,2022-11-30,
1423,full,chelsea40,2023-06-12,2023-06-24
1424,free,mariecollins,2023-08-09,
1425,free,vmorrow,2023-02-12,
1426,basic,perkinskimberly,2023-06-22,2023-07-11
1427,free,wheelerjoseph,2023-07-07,
1428,free,lgonzalez,2023-07-29,
1429,free,nbarrett,2023-05-11,
1430,full,owillis,2023-09-10,2023-09-11
1431,free,cmerritt,2023-06-02,
1432,full,waynebarnes,2023-01-30,2024-06-04
1433,full,jennifermorgan,2022-11-16,2023-07-19
1434,full,todd79,2023-09-13,2024-01-19
1435,basic,elliskaren,2023-09-07,2023-10-18
1436,full,angelica69,2023-03-16,2024-02-06
1437,full,catherinebarnes,2022-11-12,2024-04-28
1438,full,silvadaniel,2022-12-05,2024-07-07
1439,basic,glenda16,2023-01-03,2023-08-05
1440,free,william81,2022-09-27,
1441,free,beltranstephanie,2023-09-04,
1442,free,ecruz,2023-09-03,
1443,free,crystal21,2023-06-23,
1444,basic,brandongutierrez,2023-09-16,2024-08-31
1445,free,georgereginald,2023-04-29,
1446,full,richard80,2023-07-09,2024-06-19
1447,full,annwinters,2023-06-01,2023-11-09
1448,full,mariahray,2023-01-13,2023-08-09
1449,basic,richardsmith,2023-05-29,2023-07-08
1450,full,walterdanielle,2022-11-23,2024-07-15
1451,free,shawnawilson,2023-01-31,
1452,free,mary59,2023-07-12,
1453,free,watsonjon,2023-01-30,
1454,full,hruiz,2022-10-26,2022-12-27
1455,basic,zreyes,2023-04-22,2024-04-28
1456,full,ostone,2022-11-18,2024-04-01
1457,basic,eddie12,2022-11-23,2022-12-19
1458,basic,beckalice,2023-05-01,2023-12-22
1459,basic,umorales,2023-07-09,2024-07-05
1460,full,jesse80,2023-07-02,2024-04-25
1461,basic,laura03,2023-05-05,2023-07-03
1462,basic,richardsonkatie,2022-12-27,2024-02-23
1463,free,villegasashley,2022-10-09,
1464,basic,matthewtucker,2023-07-14,2024-06-03
1465,free,destinywoods,2023-07-02,
1466,basic,sandrajuarez,2023-03-29,2024-05-10
1467,full,marissadominguez,2023-06-17,2024-09-09
1468,basic,robinmann,2023-05-23,2024-08-30
1469,full,cherylstewart,2023-01-29,2023-12-28
1470,full,williammyers,2023-02-14,2023-12-06
1471,basic,jasonestes,2023-04-20,2024-07-19
1472,basic,vallen,2023-05-24,2023-09-14
1473,basic,douglaswolf,2023-04-25,2023-09-06
1474,full,englishsean,2022-12-12,2024-06-01
1475,free,catherine18,2023-04-04,
1476,free,peter83,2023-02-08,
1477,basic,jessica03,2022-12-09,2024-03-22
1478,free,gmiller,2023-01-13,
1479,full,ubarnes,2023-08-19,2024-06-13
1480,free,staffordmatthew,2022-11-25,
1481,basic,aparker,2023-08-21,2024-08-29
1482,basic,sophiadavis,2022-10-25,2024-06-29
1483,full,hunterandres,2023-06-07,2024-09-01
1484,full,stephanie91,2023-09-08,2024-04-13
1485,free,williamscody,2023-09-21,
1486,full,christopher96,2023-06-26,2023-10-03
1487,full,joshuamoore,2022-12-04,2024-03-06
1488,free,davidperez,2023-04-04,
1489,basic,jessicanelson,2022-10-24,2023-02-06
1490,full,ldickson,2022-12-10,2024-03-11
1491,free,amanda72,2023-07-14,
1492,full,christopher94,2023-07-28,2024-01-15
1493,free,madisonyang,2023-06-13,
1494,free,fmartinez,2023-04-21,
1495,free,stefanie27,2023-01-24,
1496,full,phall,2023-05-29,2023-12-28
1497,full,craighenry,2023-02-07,2024-03-31
1498,full,jeffery86,2022-10-19,2023-03-04
1499,basic,finleyrebekah,2022-10-30,2023-12-05
1500,free,qthomas,2023-09-07,
1501,full,kathleenthompson,2022-10-20,2023-05-13
1502,basic,nicholas05,2023-08-13,2024-06-10
1503,full,xdunn,2023-06-26,2024-08-19
1504,full,dianatorres,2023-03-15,2024-04-18
1505,full,nclark,2023-02-23,2023-05-02
1506,free,rmartinez,2023-03-24,
1507,full,antoniohall,2022-10-30,2024-02-06
1508,basic,jjones,2022-12-15,2024-01-27
1509,free,travislee,2023-08-23,
1510,free,cassandrapierce,2023-04-13,
1511,full,pburke,2023-09-13,2023-12-23
1512,full,mbowman,2023-07-27,2023-08-18
1513,basic,tina30,2022-12-09,2023-11-16
1514,free,margaretthomas,2023-03-19,
1515,basic,munozmary,2023-01-14,2023-11-14
1516,basic,natalie19,2022-11-11,2024-08-14
1517,basic,cheyenne13,2023-08-24,2023-12-07
1518,basic,melodywashington,2022-11-18,2023-12-24
1519,full,jocelyn21,2023-04-09,2023-12-14
1520,basic,wardlisa,2022-12-07,2023-05-11
1521,basic,vcurtis,2023-02-18,2023-12-21
1522,free,scottroberts,2023-06-07,
1523,free,mariaburns,2022-11-23,
1524,full,nancyjordan,2023-07-08,2023-12-19
1525,free,donaldmoon,2023-04-20,
1526,basic,maryevans,2023-03-25,2024-06-11
1527,free,deborah11,2023-04-03,
1528,free,johnsonjennifer,2023-08-02,
1529,full,owensjordan,2023-05-09,2023-11-24
1530,full,omartin,2022-11-10,2024-04-20
1531,full,stephaniesantos,2023-05-25,2023-11-29
1532,free,douglasburke,2023-07-18,
1533,free,melaniecochran,2023-05-11,
1534,full,carlosramirez,2023-01-06,2024-05-03
1535,basic,beth01,2022-11-17,2024-08-20
1536,basic,reedjonathan,2023-03-01,2023-12-29
1537,free,denise31,2023-05-12,
1538,full,johnmills,2023-03-18,2023-11-21
1539,free,robert88,2022-11-13,
1540,full,jennifer86,2023-09-17,2023-12-03
1541,basic,wallacecynthia,2022-12-25,2024-09-07
1542,full,rebecca41,2023-02-13,2023-06-05
1543,basic,hughesdawn,2022-10-14,2024-02-16
1544,basic,kmcdonald,2023-07-09,2024-08-13
1545,free,maryadams,2023-08-16,
1546,basic,james74,2023-04-12,2024-02-19
1547,free,ladams,2023-06-20,
1548,free,matthewerickson,2023-08-24,
1549,free,grahammarcus,2023-06-30,
1550,free,robert21,2022-12-30,
1551,basic,ralexander,2023-08-15,2024-05-15
1552,basic,lortiz,2022-11-03,2023-01-10
1553,full,aanderson,2023-08-02,2024-09-12
1554,full,ppena,2023-02-23,2024-07-01
1555,full,hendersonemma,2023-01-17,2024-04-27
1556,free,joshua18,2023-06-10,
1557,full,aaron20,2022-10-30,2023-07-20
1558,basic,pbradford,2023-02-16,2024-07-19
1559,full,kgreen,2023-09-23,2024-03-15
1560,basic,garciadaniel,2023-07-02,2023-12-10
1561,basic,masonkevin,2022-10-29,2023-01-16
1562,full,joy31,2023-06-16,2023-10-21
1563,basic,gabrielscott,2023-08-12,2023-12-20
1564,basic,castroallen,2022-11-10,2023-01-27
1565,basic,mccoypatrick,2023-01-01,2024-07-15
1566,basic,stevenwheeler,2023-04-29,2024-02-08
1567,free,abowman,2023-05-10,
1568,basic,justinpalmer,2023-03-26,2024-07-26
1569,full,tgilmore,2023-09-09,2023-12-16
1570,basic,kimberly23,2023-09-08,2024-03-05
1571,basic,watsonchristy,2023-09-24,2024-06-23
1572,basic,andrewgarcia,2023-07-04,2024-08-09
1573,free,lisabean,2023-05-15,
1574,basic,antoniogutierrez,2023-03-24,2024-02-29
1575,basic,gonzalezjames,2023-04-02,2023-07-13
1576,full,ballheather,2023-09-24,2024-04-26
1577,basic,jared60,2023-04-23,2024-04-27
1578,full,jocelyn03,2023-05-21,2024-01-05
1579,basic,spadilla,2023-01-12,2023-03-02
1580,free,reeddawn,2023-02-18,
1581,full,justinbonilla,2023-04-27,2023-04-27
1582,full,rreid,2023-03-31,2023-07-28
1583,basic,zhardin,2023-06-28,2024-02-17
1584,basic,kevin92,2023-02-05,2023-03-05
1585,basic,tbenjamin,2022-10-19,2024-03-31
1586,free,jerry09,2023-02-02,
1587,free,lydiacrawford,2022-10-20,
1588,free,sherryjohnson,2023-06-03,
1589,free,penavanessa,2023-09-15,
1590,full,lleonard,2023-01-14,2023-11-18
1591,basic,susan02,2023-03-28,2023-07-28
1592,free,wellsjessica,2023-07-05,
1593,basic,peter94,2023-01-30,2024-09-11
1594,basic,browndebra,2023-08-11,2024-03-26
1595,free,jschultz,2023-09-19,
1596,free,bliu,2022-10-09,
1597,free,woodkenneth,2022-10-16,
1598,free,webereric,2023-05-12,
1599,free,lbanks,2022-11-17,
1600,free,laurajones,2022-10-19,
1601,full,harriscraig,2023-04-01,2024-03-02
1602,free,wellsmichele,2023-04-06,
1603,full,ambertaylor,2023-02-15,2024-09-03
1604,basic,christopherhunter,2022-10-07,2024-04-26
1605,full,clintonmoody,2023-02-17,2023-12-02
1606,full,anna98,2023-02-23,2023-10-19
1607,free,hernandezrichard,2023-07-22,
1608,basic,sherri85,2022-10-02,2022-10-08
1609,free,jonathanmaldonado,2022-12-14,
1610,full,jacobpoole,2023-07-06,2024-07-15
1611,full,joshuagreen,2022-11-16,2024-09-23
1612,free,samanthabell,2023-07-11,
1613,basic,triciadavis,2023-07-29,2024-08-16
1614,free,manuel19,2023-06-11,
1615,full,michaelross,2022-11-03,2023-06-04
1616,basic,anthony53,2023-02-24,2023-03-22
1617,basic,kimberly24,2022-10-12,2024-05-12
1618,basic,forbesdeborah,2022-09-27,2024-05-19
1619,full,jeremy24,2023-02-14,2024-03-26
1620,full,jacksonjames,2023-05-02,2024-08-17
1621,full,russelllisa,2023-06-14,2023-07-17
1622,basic,johnsoncatherine,2023-01-29,2023-06-11
1623,basic,brandycardenas,2023-09-14,2024-09-23
1624,free,shawnpayne,2023-03-17,
1625,full,tamara55,2022-11-08,2024-06-29
1626,free,ecox,2023-08-27,
1627,free,aduran,2023-06-10,
1628,free,zgutierrez,2022-11-25,
1629,free,cjames,2023-08-11,
1630,full,johnnyhaynes,2022-11-24,2024-02-08
1631,free,rhonda21,2022-11-22,
1632,basic,raymondboyd,2023-06-01,2024-04-23
1633,basic,hhenry,2022-12-30,2024-04-13
1634,basic,johnny46,2023-05-18,2024-06-20
1635,free,gpineda,2023-04-07,
1636,free,pnelson,2023-07-16,
1637,basic,sanfordrobert,2022-10-27,2024-07-08
1638,basic,johnsonerika,2023-02-22,2024-04-11
1639,basic,jwarren,2023-07-09,2024-07-11
1640,full,lindafischer,2023-05-17,2024-02-17
1641,free,russell31,2022-11-27,
1642,full,ffuller,2023-01-24,2023-12-31
1643,full,tracysosa,2022-12-31,2024-01-16
1644,basic,kimberlyward,2023-04-10,2023-10-31
1645,basic,parkerdavid,2022-11-17,2023-03-09
1646,free,james07,2023-03-25,
1647,free,taylorsteven,2022-11-15,
1648,full,christopher52,2023-09-01,2024-08-29
1649,basic,riveranicole,2023-05-24,2023-08-17
1650,basic,wendy52,2023-07-20,2023-07-25
1651,full,osullivan,2022-12-16,2023-02-24
1652,basic,sherry67,2023-09-03,2024-01-27
1653,free,wpacheco,2023-03-07,
1654,full,josephpacheco,2023-03-23,2023-11-27
1655,basic,lauren75,2022-12-28,2023-05-03
1656,basic,janetpratt,2023-04-05,2023-08-02
1657,free,ldaniel,2022-10-27,
1658,full,frank51,2022-11-06,2023-08-27
1659,basic,kyle03,2023-06-06,2024-01-26
1660,full,geoffreygrant,2023-03-27,2023-09-29
1661,free,peggy10,2023-02-18,
1662,full,myerstodd,2022-11-17,2024-05-19
1663,free,morseedward,2022-11-09,
1664,basic,campbellbarbara,2022-11-01,2023-04-18
1665,full,megan62,2023-04-18,2024-04-03
1666,full,kathryn26,2023-01-03,2023-05-20
1667,free,lewisabigail,2023-09-09,
1668,basic,qbooth,2023-08-14,2023-10-23
1669,basic,trobles,2023-03-21,2023-05-03
1670,free,gregory33,2022-10-19,
1671,free,xhamilton,2023-07-12,
1672,free,morrisjames,2023-05-21,
1673,full,donna59,2023-05-29,2024-06-05
1674,full,kim09,2023-06-16,2023-11-02
1675,basic,vincentfletcher,2022-11-05,2023-07-05
1676,basic,danielgibson,2023-04-17,2024-06-26
1677,full,uberg,2023-05-18,2024-02-04
1678,free,victoria28,2023-07-01,
1679,full,hestertimothy,2022-11-17,2022-11-18
1680,free,phelpskathy,2022-11-05,
1681,free,rebecca31,2023-06-13,
1682,free,jessicajacobson,2023-02-10,
1683,basic,paula36,2023-06-30,2023-07-30
1684,full,ashleyblackwell,2023-07-07,2023-07-15
1685,basic,kimberlybrown,2023-05-29,2023-09-06
1686,basic,nicole75,2023-04-15,2024-03-01
1687,basic,lisa84,2023-03-15,2024-05-02
1688,basic,zlambert,2023-09-06,2024-06-25
1689,basic,lewisregina,2023-03-24,2023-11-11
1690,basic,rstevenson,2022-11-13,2023-03-31
1691,basic,stephaniejackson,2023-09-24,2024-09-17
1692,free,boothjoseph,2023-08-16,
1693,full,brendalopez,2023-03-31,2023-07-03
1694,basic,ryanwhite,2023-08-17,2023-09-28
1695,full,warnervirginia,2023-07-27,2023-10-08
1696,full,dylanclark,2023-02-10,2023-11-21
1697,free,bennettdavid,2023-05-04,
1698,full,catherinegallagher,2023-05-03,2024-04-11
1699,full,cody61,2023-07-11,2023-12-04
1700,full,gregorywatts,2023-01-09,2024-09-15
1701,full,gary58,2022-11-01,2024-06-09
1702,free,msmith,2023-02-04,
1703,basic,leahhowe,2023-05-10,2023-08-14
1704,basic,olsontrevor,2022-12-28,2023-10-21
1705,full,coopergary,2022-10-28,2024-01-06
1706,basic,zsmith,2023-05-22,2024-09-18
1707,free,jessicacooke,2023-02-02,
1708,full,skirk,2022-10-20,2024-06-25
1709,basic,taylor06,2023-08-23,2023-09-10
1710,basic,andersonlori,2023-01-29,2023-09-17
1711,full,tracywallace,2023-05-18,2024-01-25
1712,free,taguirre,2023-08-20,
1713,free,christianhancock,2023-04-10,
1714,basic,rebeccaunderwood,2023-02-02,2023-05-15
1715,full,tonya21,2022-10-30,2023-05-06
1716,free,timothystrong,2023-08-18,
1717,full,anthonyvincent,2023-01-30,2023-08-23
1718,basic,scott80,2023-01-22,2024-01-03
1719,basic,nancydoyle,2023-03-26,2023-04-06
1720,full,zritter,2023-08-21,2024-05-08
1721,free,kelly22,2023-07-03,
1722,full,james15,2023-07-06,2024-04-24
1723,free,lisa92,2023-08-25,
1724,basic,estradarebecca,2022-10-24,2024-07-24
1725,free,ejenkins,2023-06-13,
1726,full,amandarobinson,2023-07-09,2024-06-24
1727,full,mejialisa,2022-11-24,2024-07-10
1728,full,sawyersamuel,2023-01-03,2023-06-18
1729,full,snyderandre,2022-10-12,2024-01-16
1730,free,travisbarrett,2023-04-14,
1731,basic,hernandezmeghan,2023-08-03,2023-08-03
1732,full,diana83,2023-05-07,2023-12-28
1733,free,vgomez,2023-01-10,
1734,basic,evansedward,2022-10-08,2024-04-21
1735,free,osmith,2023-08-08,
1736,basic,acarter,2022-12-01,2024-05-19
1737,full,pmedina,2023-07-22,2023-08-01
1738,full,salinasdavid,2023-02-20,2024-05-29
1739,free,debrarodriguez,2023-08-26,
1740,free,ssullivan,2022-11-29,
1741,basic,santiagocrystal,2023-04-13,2023-09-16
1742,full,caitlin06,2023-04-03,2024-05-05
1743,full,monroejames,2023-03-20,2023-08-09
1744,full,jasongonzalez,2023-01-16,2024-08-26
1745,basic,jessica22,2023-05-05,2024-03-22
1746,basic,landrylauren,2022-11-05,2024-06-14
1747,full,ymartin,2023-07-26,2024-01-14
1748,basic,oanderson,2023-03-14,2024-07-09
1749,full,samantha98,2022-12-21,2023-06-06
1750,full,ktucker,2023-07-04,2023-09-02
1751,full,hernandezfrederick,2022-10-04,2023-06-08
1752,free,christinewalsh,2023-04-17,
1753,full,amyscott,2023-07-18,2024-04-27
1754,free,robertsonjennifer,2023-06-10,
1755,full,kimberly03,2023-05-10,2023-12-02
1756,free,elizabeth47,2023-02-15,
1757,basic,forbesheidi,2023-02-10,2023-09-19
1758,free,jesse33,2023-06-17,
1759,basic,nicholsjohn,2022-11-28,2023-08-24
1760,basic,wileyelizabeth,2023-04-19,2024-03-20
1761,full,kingjenna,2023-04-10,2023-11-29
1762,full,roachdaniel,2023-03-06,2024-08-10
1763,full,harry14,2023-07-05,2024-02-18
1764,free,plam,2023-09-24,
1765,full,chrisowen,2023-02-10,2024-01-07
1766,basic,sarah12,2023-03-23,2024-07-22
1767,basic,bryancannon,2023-02-26,2024-03-06
1768,basic,timothy40,2023-03-02,2024-08-18
1769,free,ewatkins,2023-07-17,
1770,free,ohall,2022-11-04,
1771,basic,tina09,2022-10-13,2023-08-23
1772,full,omills,2023-09-03,2024-06-30
1773,free,deniserodriguez,2022-11-08,
1774,full,kennethwashington,2022-12-28,2023-11-28
1775,free,teresawhite,2023-06-06,
1776,free,edward85,2023-05-17,
1777,free,navarropatricia,2023-09-17,
1778,free,smills,2023-09-17,
1779,basic,matthew91,2022-12-14,2023-01-15
1780,full,tgreen,2023-02-03,2023-07-23
1781,full,jorge17,2023-07-31,2023-11-06
1782,free,gonzalesjeanne,2023-07-17,
1783,basic,scott55,2023-05-29,2023-12-03
1784,basic,tiffany63,2022-09-30,2023-08-01
1785,full,richard90,2023-04-23,2023-07-24
1786,basic,hamiltonchristopher,2022-11-11,2022-12-20
1787,full,tamara53,2023-05-01,2023-07-04
1788,free,ostewart,2023-06-21,
1789,full,andrew74,2023-05-27,2024-03-18
1790,free,jessicachavez,2022-11-24,
1791,free,ashleyfrazier,2022-10-13,
1792,free,katrina33,2023-04-04,
1793,basic,ariel58,2023-01-23,2024-06-14
1794,full,narcher,2023-04-08,2023-05-16
1795,free,joycemccarty,2022-11-01,
1796,free,williamsanita,2023-05-11,
1797,full,cchavez,2023-02-24,2023-03-06
1798,full,jacqueline32,2023-05-19,2024-01-06
1799,full,emily98,2023-07-15,2023-08-23
1800,basic,sarabaker,2023-06-08,2024-02-01
1801,full,nicholsonashley,2023-01-01,2024-06-24
1802,full,shannon19,2023-08-06,2024-04-03
1803,basic,moranmichelle,2023-07-09,2023-07-14
1804,free,marissa18,2022-12-09,
1805,full,gilesandrew,2023-01-22,2024-08-25
1806,basic,blackrebecca,2023-04-06,2023-10-06
1807,basic,kristen43,2023-07-10,2024-05-16
1808,full,tvelez,2023-01-30,2023-02-10
1809,full,daniel12,2023-02-20,2024-02-09
1810,basic,joshua32,2023-04-26,2024-04-12
1811,basic,thomas12,2023-04-26,2023-06-05
1812,basic,tammy55,2022-10-16,2023-08-10
1813,full,grant47,2022-10-11,2023-12-04
1814,full,luis49,2023-05-25,2024-01-28
1815,free,maria79,2022-11-30,
1816,basic,heather70,2023-03-16,2023-07-16
1817,free,tammy10,2023-02-18,
1818,basic,mlucas,2023-08-14,2023-09-11
1819,basic,gregorystephen,2022-12-30,2023-06-12
1820,full,stevendominguez,2023-07-07,2024-05-12
1821,full,bakerderrick,2022-09-28,2023-04-16
1822,basic,laurie57,2023-05-08,2024-01-25
1823,basic,jesse83,2023-03-14,2024-04-23
1824,full,gregorypatrick,2022-10-10,2023-11-21
1825,free,hoffmananthony,2023-07-05,
1826,full,edward39,2023-04-03,2024-05-26
1827,basic,qwhite,2022-11-29,2022-12-28
1828,basic,melinda54,2022-12-21,2023-10-20
1829,free,garrisonkatie,2022-11-01,
1830,free,patricia20,2022-10-10,
1831,full,sophiamoore,2022-11-17,2023-03-14
1832,full,ricksmith,2023-01-13,2023-10-07
1833,full,youngsamantha,2023-02-13,2023-11-25
1834,basic,downserica,2023-02-15,2023-11-25
1835,free,klopez,2022-12-30,
1836,free,marylopez,2022-11-15,
1837,full,floresbrandi,2023-05-24,2024-09-17
1838,free,michaelmcdonald,2023-03-16,
1839,free,gbarnes,2023-01-25,
1840,free,melissa25,2023-03-16,
1841,free,laura45,2023-08-08,
1842,free,mrasmussen,2022-11-24,
1843,full,briddle,2023-06-06,2024-09-03
1844,full,kathydiaz,2022-10-05,2023-09-12
1845,basic,randallwendy,2023-01-14,2024-05-13
1846,full,ryanpitts,2023-05-20,2023-11-14
1847,basic,frandall,2023-05-14,2024-04-08
1848,basic,lbrown,2022-11-27,2024-09-01
1849,basic,gordonshannon,2023-05-05,2024-03-02
1850,free,jonathanfinley,2023-03-20,
1851,basic,glin,2023-07-14,2023-12-31
1852,basic,henryderrick,2022-12-13,2023-09-29
1853,free,cindy30,2022-12-18,
1854,full,qanderson,2023-07-01,2024-09-21
1855,full,kellivalenzuela,2023-02-22,2024-05-05
1856,full,rward,2023-03-25,2024-07-12
1857,full,anthonygreene,2023-06-06,2024-04-29
1858,basic,lauren47,2023-01-03,2023-11-07
1859,full,lauramurray,2023-09-20,2024-09-21
1860,free,tylerdavid,2022-10-08,
1861,full,sharris,2023-06-19,2024-05-14
1862,free,joseph23,2023-01-21,
1863,free,michaelmarks,2023-05-12,
1864,free,garciawhitney,2022-12-31,
1865,full,justin04,2023-05-04,2024-02-16
1866,free,tgreen,2023-05-13,
1867,full,melissa88,2023-08-04,2023-09-16
1868,free,jessica97,2023-07-29,
1869,basic,davidhenderson,2023-06-10,2023-08-13
1870,full,monica85,2023-09-03,2024-06-10
1871,free,smithpaul,2023-02-12,
1872,free,lisa89,2023-09-16,
1873,full,tryan,2022-11-06,2023-01-26
1874,full,jasonday,2023-02-27,2023-06-19
1875,free,calhoundana,2022-12-13,
1876,basic,jenkinsmatthew,2022-11-03,2024-05-19
1877,free,joe23,2023-09-13,
1878,basic,ngonzalez,2022-09-28,2023-11-07
1879,basic,nespinoza,2023-04-09,2023-06-27
1880,full,melissa54,2023-04-09,2023-10-07
1881,basic,ashleeknight,2023-06-07,2023-08-30
1882,basic,ydavidson,2022-10-08,2022-12-24
1883,basic,danny41,2022-12-26,2024-08-28
1884,basic,davistimothy,2023-09-11,2024-01-15
1885,free,johnwilliams,2023-05-03,
1886,free,jwoods,2022-12-24,
1887,basic,jeffcabrera,2023-01-31,2023-06-15
1888,full,curtis73,2023-09-24,2024-06-02
1889,basic,kristi37,2023-06-10,2023-10-12
1890,full,marisapowell,2023-03-09,2023-09-28
1891,basic,davidcarlson,2023-04-02,2023-06-26
1892,free,evelyn94,2022-09-26,
1893,basic,nbooth,2023-02-24,2023-08-17
1894,basic,andrew06,2023-09-19,2024-06-28
1895,free,currybrian,2023-05-24,
1896,basic,brivera,2023-09-08,2024-04-10
1897,basic,fisherlaura,2022-10-10,2024-06-22
1898,basic,browndesiree,2023-06-12,2023-09-12
1899,full,mcdowellalicia,2022-11-01,2024-08-09
1900,full,lewisbianca,2023-08-11,2024-03-15
1901,free,whitemichelle,2023-04-27,
1902,free,timothyjacobs,2023-01-02,
1903,basic,brentmoreno,2023-08-20,2023-10-17
1904,free,phillipvilla,2023-03-20,
1905,free,jeremyhubbard,2022-11-08,
1906,free,fbrennan,2023-03-06,
1907,basic,andreatran,2023-06-21,2024-04-19
1908,free,zharmon,2022-11-16,
1909,free,paul77,2023-05-13,
1910,full,orivera,2023-08-27,2024-02-22
1911,free,michelle83,2023-02-03,
1912,full,john86,2023-01-07,2023-08-21
1913,basic,julia31,2023-01-19,2023-09-08
1914,free,sanchezsherri,2022-11-26,
1915,basic,robertmarshall,2023-08-19,2024-02-25
1916,basic,philip19,2023-03-28,2024-03-03
1917,full,mercerdanielle,2023-08-03,2024-09-13
1918,basic,alan63,2022-10-03,2024-01-15
1919,free,perrymason,2023-03-08,
1920,full,ewilliams,2023-06-07,2024-08-24
1921,full,solomonaustin,2023-05-21,2024-07-28
1922,free,rachelhardy,2023-03-08,
1923,free,sarah73,2023-05-29,
1924,free,dylan33,2022-11-15,
1925,free,ramoskevin,2023-04-16,
1926,free,nowens,2023-07-20,
1927,full,benjaminvaldez,2022-09-27,2023-11-06
1928,basic,christopher50,2023-06-14,2024-06-06
1929,full,jonathanbennett,2023-03-11,2024-02-23
1930,basic,marymccoy,2023-08-24,2023-11-05
1931,full,courtneyjoseph,2023-07-06,2024-09-12
1932,basic,joshua90,2023-01-25,2024-07-01
1933,basic,eatonsusan,2023-05-15,2024-08-11
1934,free,stevensandrew,2023-02-08,
1935,basic,cstrong,2023-06-27,2024-08-09
1936,free,russellmarquez,2023-06-24,
1937,full,kevinclements,2023-05-06,2023-06-14
1938,free,andrewmack,2023-06-10,
1939,basic,shawn94,2023-01-10,2024-02-21
1940,basic,tina17,2023-04-20,2023-07-17
1941,full,archerfrank,2023-03-04,2023-08-19
1942,full,jennifer54,2023-04-09,2023-04-17
1943,full,davidrobert,2023-09-20,2023-11-02
1944,full,estevens,2023-07-11,2023-09-26
1945,full,jhuff,2023-02-19,2024-09-11
1946,free,cparrish,2023-02-04,
1947,basic,justin19,2023-03-15,2024-05-12
1948,basic,annflynn,2023-06-06,2023-07-10
1949,free,orojas,2023-04-08,
1950,basic,angelajohnson,2022-12-09,2023-07-17
1951,full,josephpalmer,2023-06-20,2024-01-26
1952,basic,benjaminweber,2023-08-13,2024-01-20
1953,basic,aaron66,2023-04-25,2023-05-03
1954,full,ericarichardson,2022-12-22,2024-08-07
1955,basic,kmason,2022-11-23,2024-06-07
1956,free,jason06,2023-08-29,
1957,basic,mark38,2023-06-28,2023-12-28
1958,full,harringtonkristen,2022-12-12,2023-07-18
1959,free,shannonwilliams,2022-12-22,
1960,basic,whenderson,2022-10-04,2023-01-25
1961,full,jennifer40,2023-05-02,2023-10-07
1962,basic,nreyes,2023-06-12,2024-03-08
1963,free,ncox,2023-05-07,
1964,free,howardsteven,2022-12-07,
1965,basic,joy01,2023-08-23,2024-07-25
1966,free,jharris,2023-06-13,
1967,full,kstone,2022-11-22,2022-11-25
1968,full,ajones,2023-05-25,2024-01-28
1969,full,christophersaunders,2023-05-19,2024-02-07
1970,basic,jenniferbyrd,2023-03-06,2023-04-14
1971,free,tiffany84,2023-08-17,
1972,full,lnoble,2022-09-24,2024-02-15
1973,basic,ruizjennifer,2023-06-16,2024-08-19
1974,basic,pharvey,2023-01-21,2023-07-03
1975,basic,pbell,2022-11-19,2024-07-15
1976,full,eoneal,2023-01-01,2024-05-18
1977,full,brendahendrix,2023-04-16,2023-11-24
1978,full,thompsonadam,2023-04-28,2024-07-24
1979,full,edrake,2023-01-09,2023-05-29
1980,free,bbell,2022-10-12,
1981,full,williamsrodney,2023-06-04,2023-08-14
1982,free,nharrison,2022-11-08,
1983,basic,thompsoncatherine,2022-10-20,2022-11-03
1984,basic,samuelfritz,2022-11-24,2024-08-17
1985,free,daniellesolomon,2023-06-06,
1986,free,solistracy,2022-11-21,
1987,full,browndonna,2022-10-12,2024-09-07
1988,free,stephaniemorales,2023-07-19,
1989,basic,snyderlauren,2022-11-01,2024-01-06
1990,free,woodlucas,2023-04-14,
1991,full,melaniegregory,2023-08-30,2024-02-10
1992,full,alexandra22,2023-02-08,2023-04-01
1993,free,robert68,2022-12-31,
1994,full,danielbernard,2022-11-09,2024-08-06
1995,free,ortizangelica,2023-05-01,
1996,basic,joel00,2023-09-23,2023-10-05
1997,free,lauramurphy,2023-05-26,
1998,full,mitchellsteven,2023-07-16,2023-10-06
1999,basic,josephwinters,2023-05-11,2024-08-19
